link,text,views,date
https://www.tiktok.com/@buhbungus/video/7406434909398535466,why so serious?#foryou#fy#jonkler#fent#eviljonklercart#whysoserious#eviljonklerfentcart#skibidi#alpha#rizz#gyatt#sigma#foryoupage  created by skibidi with 8======Dâ€™s Joker Beatbox Speed Up,39.9M,8-23
https://www.tiktok.com/@alphamrbest/video/7395639699940986158,ğŸ˜ğŸ‘€#alpha #fypage  created by AlphaMrBest with Future & Metro Boomin & Kendrick Lamarâ€™s Like That,46.3K,7-25
https://www.tiktok.com/@ryang05/video/7373045421129633067,POV: life as an alpha papa wolf #fyp #foryou  created by RYAN with Breazyâ€™s original sound,17.2M,5-25
https://www.tiktok.com/@alphamrbest/video/7377826711578168622,The alpha is back!! #fyp  created by AlphaMrBest with AlphaMrBestâ€™s original sound,36K,6-7
https://www.tiktok.com/@kqtiewhitney/video/7361898705831660833,Sowwy king ğŸ˜” @RYAN #fyp #foryou #foryoupage #cringe #ick #pov #pickme  created by katie with katieâ€™s original sound,13.9M,4-25
https://www.tiktok.com/@champ15suave/video/7413054129418849579,One more for the one time ğŸ¤™ğŸ¾â€¼ï¸ 06TTGB @22ğŸ•·ï¸  @Kidd  #alphaphialpha #explore #fypage #trending #stroll #greek #alpha #explorepage #tiktok  created by Iamrico8 with Luh Tylerâ€™s 2 Slippery (feat. BossMan Dlow),2.4M,9-10
https://www.tiktok.com/@haskell_rz/video/7420824296571850026,@Way2Derrall  created by haskell_rz with ğŸğŸ´â€™s original sound,1.1M,10-1
https://www.tiktok.com/@soccerballs55/video/7330087019579723038,#wpe #challenge #alpha #alphaspack #wolfpackelite #denmother #beta #delta #werewolves #weownthenight  created by Soccerballz55 with Soccerballz55â€™s original sound,566K,1-30
https://www.tiktok.com/@alphamrbest1/video/7333301608748567851,Alpha of tiktokâ€¦. Out created by AlphaMrBest with AlphaMrBestâ€™s original sound,23.9K,2-8
https://www.tiktok.com/@raul.esvh/video/7415863178430549280,These liberals bro ğŸ˜­ğŸ”¥ #charliekirk #alpha #sigma  created by âœğŸ‡ªğŸ‡¸âœ with Remixed soundsâ€™s original sound,2.2M,9-18
https://www.tiktok.com/@returnofthesun/video/7239724705664503086,Asserting dominance #fypã‚· #goodboy #alpha #dom  created by The Golden one â˜ï¸ with The Golden one â˜ï¸â€™s original sound,67.5K,2023-6-1
https://www.tiktok.com/@buhbungus/video/7406434909398535466,why so serious?#foryou#fy#jonkler#fent#eviljonklercart#whysoserious#eviljonklerfentcart#skibidi#alpha#rizz#gyatt#sigma#foryoupage  created by skibidi with 8======Dâ€™s Joker Beatbox Speed Up,39.9M,8-23
https://www.tiktok.com/@alphamrbest/video/7395639699940986158,ğŸ˜ğŸ‘€#alpha #fypage  created by AlphaMrBest with Future & Metro Boomin & Kendrick Lamarâ€™s Like That,46.3K,7-25
https://www.tiktok.com/@ryang05/video/7373045421129633067,POV: life as an alpha papa wolf #fyp #foryou  created by RYAN with Breazyâ€™s original sound,17.2M,5-25
https://www.tiktok.com/@alphamrbest/video/7377826711578168622,The alpha is back!! #fyp  created by AlphaMrBest with AlphaMrBestâ€™s original sound,36K,6-7
https://www.tiktok.com/@kqtiewhitney/video/7361898705831660833,Sowwy king ğŸ˜” @RYAN #fyp #foryou #foryoupage #cringe #ick #pov #pickme  created by katie with katieâ€™s original sound,13.9M,4-25
https://www.tiktok.com/@champ15suave/video/7413054129418849579,One more for the one time ğŸ¤™ğŸ¾â€¼ï¸ 06TTGB @22ğŸ•·ï¸  @Kidd  #alphaphialpha #explore #fypage #trending #stroll #greek #alpha #explorepage #tiktok  created by Iamrico8 with Luh Tylerâ€™s 2 Slippery (feat. BossMan Dlow),2.4M,9-10
https://www.tiktok.com/@haskell_rz/video/7420824296571850026,@Way2Derrall  created by haskell_rz with ğŸğŸ´â€™s original sound,1.1M,10-1
https://www.tiktok.com/@soccerballs55/video/7330087019579723038,#wpe #challenge #alpha #alphaspack #wolfpackelite #denmother #beta #delta #werewolves #weownthenight  created by Soccerballz55 with Soccerballz55â€™s original sound,566K,1-30
https://www.tiktok.com/@alphamrbest1/video/7333301608748567851,Alpha of tiktokâ€¦. Out created by AlphaMrBest with AlphaMrBestâ€™s original sound,23.9K,2-8
https://www.tiktok.com/@raul.esvh/video/7415863178430549280,These liberals bro ğŸ˜­ğŸ”¥ #charliekirk #alpha #sigma  created by âœğŸ‡ªğŸ‡¸âœ with Remixed soundsâ€™s original sound,2.2M,9-18
https://www.tiktok.com/@returnofthesun/video/7239724705664503086,Asserting dominance #fypã‚· #goodboy #alpha #dom  created by The Golden one â˜ï¸ with The Golden one â˜ï¸â€™s original sound,67.5K,2023-6-1
https://www.tiktok.com/@joeshulk/video/7011672213317340421,Guess whoâ€™s the alpha #fypã‚· #couplestiktok #gym created by JoeShulk with banksklanâ€™s original sound,14.3M,2021-9-24
https://www.tiktok.com/@nami_m0mmy/video/7229840570775129390,#gymtok #gym #alphamale #alpha #packleader #alphawolf #funny #joke #funnymemes #gymgirl #fitness #fitnessmotivation #fitnesstips #musclemommy #musclemodel  created by Mom with aerospace305_â€™s original sound,74.1K,2023-5-5
https://www.tiktok.com/@foreign.ace/video/7406184125415214341,Lab with deuce@Rxdvxo_ ğŸ¤™ğŸ½ğŸ©¸#alpha #1906 #alphaphialpha #greektiktok #lanecollege created by Foreign AceğŸ¤™ğŸ½ with Foreign AceğŸ¤™ğŸ½â€™s original sound,2.8M,8-23
https://www.tiktok.com/@greeklifee/video/7365204410504351019,"1906ğŸ’›ğŸ–¤ğŸ¦!! #greeklife #greektiktok #alphaphialpha #alphaland #alphamale #viral #follow #fyp #fypã‚· #foryoupage #tiktok #southernuniversity  created by GreekLife with Trill Familyâ€™s Wipe Me Down (feat. Foxx, Webbie & Boosie Badazz) [Remix]",1.7M,5-4
https://www.tiktok.com/@charleighlux/video/7351415564734106922,which level alpha are you? ğŸ˜ˆ #sigma #wolfgirl #alpha #alphawolf  created by charleighlux with charleighluxâ€™s badi ba dum dum,348.1K,3-28
https://www.tiktok.com/@motosad_73lok/video/7265674640230485249,#Ñ‚ÑĞ½Ğ¸Ğ½Ğ³#140ÑĞ¼3#Ğ¿Ñ€ÑĞ¼Ğ¾Ñ‚Ğ¾Ğº #ALPHA #capcutvelocityğŸŒ¹â¤ï¸ created by Ğ£Ğ»ÑŒÑĞ½Ğ¾Ğ²ÑĞºĞ°Ñ Alpha with Ğ£Ğ»ÑŒÑĞ½Ğ¾Ğ²ÑĞºĞ°Ñ Alphaâ€™s Ğ¾Ñ€Ğ¸Ğ³Ğ¸Ğ½Ğ°Ğ»ÑŒĞ½Ñ‹Ğ¹ Ğ·Ğ²ÑƒĞº,264.7K,2023-8-10
https://www.tiktok.com/@itsnatalietran/video/7331077292049091886,Has this happened to you? | IG: itsnatalietran created by natalie tran â­ï¸ with â­ï¸â€™s Up by Olly murs.,1.9M,2-2
https://www.tiktok.com/@proud.european17/video/7348340222028959008,ğŸºğŸ˜ˆ #alphawolf #alpha #sigma #alphainsideme #alphamale #wolf  created by Walter Schwarz ğŸ‘¨ğŸ¿â€ğŸ¦²ğŸ•µğŸ¿â€â™‚ï¸ with jacobâ€™s Emo,262.3K,3-20
https://www.tiktok.com/@zenithawaken/video/7356951380424346926,speak like an alpha. #alpha #alphamale #valueyourself #zenithawaken  created by Zenith Awaken with Zenith Awakenâ€™s original sound,1.7M,4-12
https://www.tiktok.com/@chrisncrystal14/video/6942639532303027462,RawrğŸ¦ #fypã‚· #rawr #foru #couples #couplegoals #newchallenge #lion #soulmate #alpha #newtrend #relate #tagbae #girlfriend #viral #skits #prank #beast created by Chris & Crystal with n._hanna_â€™s Ğ¾Ñ€Ğ¸Ğ³Ğ¸Ğ½Ğ°Ğ»ÑŒĞ½Ñ‹Ğ¹ Ğ·Ğ²ÑƒĞº,2.6M,2021-3-22
https://www.tiktok.com/@harlekouen/video/7389003996268154155,Alpha wolf returns for Chappell Roan!! #alpha #alphawolf #Sigma #omegaverse #chappellroan #hottogo  created by â™¦ï¸koenâ™¦ï¸ with Empire State Buildingâ€™s original sound,4.9M,7-7
https://www.tiktok.com/@monosia_73/video/7015168705676020994,#Ğ¢Ğ²Ğ¾Ñ‘Ğ›ĞµÑ‚Ğ¾Ğ¢Ğ²Ğ¾Ñ‘Ğ’Ñ€ĞµĞ¼Ñ #alpha #Ğ°Ğ»ÑŒÑ„Ğ°110 #Ğ°Ğ»ÑŒÑ„Ğ°Ğ²Ğ¾Ğ´ #Ğ¼Ğ¾Ğ¿ĞµĞ´ #Ğ¼Ğ¾Ñ‚Ğ¾Ñ†Ğ¸ĞºĞ»Ñ‹ #Ğ¼Ğ¾Ñ‚Ğ¸ĞºğŸï¸ #fyr #fyp #no #on created by ğŸ”¥ĞœĞ¾Ğ½Ğ¾ÑĞ¸ÑğŸ”¥ with ğŸ¦â€™s Ğ¾Ñ€Ğ¸Ğ³Ğ¸Ğ½Ğ°Ğ»ÑŒĞ½Ñ‹Ğ¹ Ğ·Ğ²ÑƒĞº,1.6M,2021-10-4
https://www.tiktok.com/@buhbungus/video/7406434909398535466,why so serious?#foryou#fy#jonkler#fent#eviljonklercart#whysoserious#eviljonklerfentcart#skibidi#alpha#rizz#gyatt#sigma#foryoupage  created by skibidi with 8======Dâ€™s Joker Beatbox Speed Up,39.9M,8-23
https://www.tiktok.com/@alphamrbest/video/7395639699940986158,ğŸ˜ğŸ‘€#alpha #fypage  created by AlphaMrBest with Future & Metro Boomin & Kendrick Lamarâ€™s Like That,46.3K,7-25
https://www.tiktok.com/@ryang05/video/7373045421129633067,POV: life as an alpha papa wolf #fyp #foryou  created by RYAN with Breazyâ€™s original sound,17.2M,5-25
https://www.tiktok.com/@alphamrbest/video/7377826711578168622,The alpha is back!! #fyp  created by AlphaMrBest with AlphaMrBestâ€™s original sound,36K,6-7
https://www.tiktok.com/@kqtiewhitney/video/7361898705831660833,Sowwy king ğŸ˜” @RYAN #fyp #foryou #foryoupage #cringe #ick #pov #pickme  created by katie with katieâ€™s original sound,13.9M,4-25
https://www.tiktok.com/@champ15suave/video/7413054129418849579,One more for the one time ğŸ¤™ğŸ¾â€¼ï¸ 06TTGB @22ğŸ•·ï¸  @Kidd  #alphaphialpha #explore #fypage #trending #stroll #greek #alpha #explorepage #tiktok  created by Iamrico8 with Luh Tylerâ€™s 2 Slippery (feat. BossMan Dlow),2.4M,9-10
https://www.tiktok.com/@haskell_rz/video/7420824296571850026,@Way2Derrall  created by haskell_rz with ğŸğŸ´â€™s original sound,1.1M,10-1
https://www.tiktok.com/@soccerballs55/video/7330087019579723038,#wpe #challenge #alpha #alphaspack #wolfpackelite #denmother #beta #delta #werewolves #weownthenight  created by Soccerballz55 with Soccerballz55â€™s original sound,566K,1-30
https://www.tiktok.com/@alphamrbest1/video/7333301608748567851,Alpha of tiktokâ€¦. Out created by AlphaMrBest with AlphaMrBestâ€™s original sound,23.9K,2-8
https://www.tiktok.com/@raul.esvh/video/7415863178430549280,These liberals bro ğŸ˜­ğŸ”¥ #charliekirk #alpha #sigma  created by âœğŸ‡ªğŸ‡¸âœ with Remixed soundsâ€™s original sound,2.2M,9-18
https://www.tiktok.com/@returnofthesun/video/7239724705664503086,Asserting dominance #fypã‚· #goodboy #alpha #dom  created by The Golden one â˜ï¸ with The Golden one â˜ï¸â€™s original sound,67.5K,2023-6-1
https://www.tiktok.com/@joeshulk/video/7011672213317340421,Guess whoâ€™s the alpha #fypã‚· #couplestiktok #gym created by JoeShulk with banksklanâ€™s original sound,14.3M,2021-9-24
https://www.tiktok.com/@nami_m0mmy/video/7229840570775129390,#gymtok #gym #alphamale #alpha #packleader #alphawolf #funny #joke #funnymemes #gymgirl #fitness #fitnessmotivation #fitnesstips #musclemommy #musclemodel  created by Mom with aerospace305_â€™s original sound,74.1K,2023-5-5
https://www.tiktok.com/@foreign.ace/video/7406184125415214341,Lab with deuce@Rxdvxo_ ğŸ¤™ğŸ½ğŸ©¸#alpha #1906 #alphaphialpha #greektiktok #lanecollege created by Foreign AceğŸ¤™ğŸ½ with Foreign AceğŸ¤™ğŸ½â€™s original sound,2.8M,8-23
https://www.tiktok.com/@greeklifee/video/7365204410504351019,"1906ğŸ’›ğŸ–¤ğŸ¦!! #greeklife #greektiktok #alphaphialpha #alphaland #alphamale #viral #follow #fyp #fypã‚· #foryoupage #tiktok #southernuniversity  created by GreekLife with Trill Familyâ€™s Wipe Me Down (feat. Foxx, Webbie & Boosie Badazz) [Remix]",1.7M,5-4
https://www.tiktok.com/@charleighlux/video/7351415564734106922,which level alpha are you? ğŸ˜ˆ #sigma #wolfgirl #alpha #alphawolf  created by charleighlux with charleighluxâ€™s badi ba dum dum,348.1K,3-28
https://www.tiktok.com/@motosad_73lok/video/7265674640230485249,#Ñ‚ÑĞ½Ğ¸Ğ½Ğ³#140ÑĞ¼3#Ğ¿Ñ€ÑĞ¼Ğ¾Ñ‚Ğ¾Ğº #ALPHA #capcutvelocityğŸŒ¹â¤ï¸ created by Ğ£Ğ»ÑŒÑĞ½Ğ¾Ğ²ÑĞºĞ°Ñ Alpha with Ğ£Ğ»ÑŒÑĞ½Ğ¾Ğ²ÑĞºĞ°Ñ Alphaâ€™s Ğ¾Ñ€Ğ¸Ğ³Ğ¸Ğ½Ğ°Ğ»ÑŒĞ½Ñ‹Ğ¹ Ğ·Ğ²ÑƒĞº,264.7K,2023-8-10
https://www.tiktok.com/@itsnatalietran/video/7331077292049091886,Has this happened to you? | IG: itsnatalietran created by natalie tran â­ï¸ with â­ï¸â€™s Up by Olly murs.,1.9M,2-2
https://www.tiktok.com/@proud.european17/video/7348340222028959008,ğŸºğŸ˜ˆ #alphawolf #alpha #sigma #alphainsideme #alphamale #wolf  created by Walter Schwarz ğŸ‘¨ğŸ¿â€ğŸ¦²ğŸ•µğŸ¿â€â™‚ï¸ with jacobâ€™s Emo,262.3K,3-20
https://www.tiktok.com/@zenithawaken/video/7356951380424346926,speak like an alpha. #alpha #alphamale #valueyourself #zenithawaken  created by Zenith Awaken with Zenith Awakenâ€™s original sound,1.7M,4-12
https://www.tiktok.com/@chrisncrystal14/video/6942639532303027462,RawrğŸ¦ #fypã‚· #rawr #foru #couples #couplegoals #newchallenge #lion #soulmate #alpha #newtrend #relate #tagbae #girlfriend #viral #skits #prank #beast created by Chris & Crystal with n._hanna_â€™s Ğ¾Ñ€Ğ¸Ğ³Ğ¸Ğ½Ğ°Ğ»ÑŒĞ½Ñ‹Ğ¹ Ğ·Ğ²ÑƒĞº,2.6M,2021-3-22
https://www.tiktok.com/@harlekouen/video/7389003996268154155,Alpha wolf returns for Chappell Roan!! #alpha #alphawolf #Sigma #omegaverse #chappellroan #hottogo  created by â™¦ï¸koenâ™¦ï¸ with Empire State Buildingâ€™s original sound,4.9M,7-7
https://www.tiktok.com/@monosia_73/video/7015168705676020994,#Ğ¢Ğ²Ğ¾Ñ‘Ğ›ĞµÑ‚Ğ¾Ğ¢Ğ²Ğ¾Ñ‘Ğ’Ñ€ĞµĞ¼Ñ #alpha #Ğ°Ğ»ÑŒÑ„Ğ°110 #Ğ°Ğ»ÑŒÑ„Ğ°Ğ²Ğ¾Ğ´ #Ğ¼Ğ¾Ğ¿ĞµĞ´ #Ğ¼Ğ¾Ñ‚Ğ¾Ñ†Ğ¸ĞºĞ»Ñ‹ #Ğ¼Ğ¾Ñ‚Ğ¸ĞºğŸï¸ #fyr #fyp #no #on created by ğŸ”¥ĞœĞ¾Ğ½Ğ¾ÑĞ¸ÑğŸ”¥ with ğŸ¦â€™s Ğ¾Ñ€Ğ¸Ğ³Ğ¸Ğ½Ğ°Ğ»ÑŒĞ½Ñ‹Ğ¹ Ğ·Ğ²ÑƒĞº,1.6M,2021-10-4
https://www.tiktok.com/@soccerballs55/video/7165335137935363374,#cringemonster #myfamily #wolfpackfamily #guests #illbequietnow  created by Soccerballz55 with Soccerballz55â€™s original sound,4.6M,2022-11-12
https://www.tiktok.com/@soccerballs55/video/7396414706505895214,An #alpha requires good #communicationskills to lead a #pack.    #stealth #teaching #hideandseek #wolfpack #wolfpackelite #babyhusky #beta  created by Soccerballz55 with Soccerballz55â€™s original sound,793.4K,7-27
https://www.tiktok.com/@dinarokkoi/video/7431759021335448837,Ğ¶Ğ°Ğ½Ğ¼ Ñ‚Ğ°ĞºĞ¾Ğ¹ Ğ¼Ğ¸Ğ»Ñ‹Ğ¹ğŸ¥¹#Ğ°Ğ»ÑŒÑ„Ğ° #aboo #alpha #alphaqz  @ALPHA  created by jai Adam with jai Adamâ€™s Ğ¾Ñ€Ğ¸Ğ³Ğ¸Ğ½Ğ°Ğ»ÑŒĞ½Ñ‹Ğ¹ Ğ·Ğ²ÑƒĞº,179.8K,18h ago
https://www.tiktok.com/@okotcu/video/7184440499065998598,Alpha â¤ï¸ #royal117sqd #tomoe_squad #tsukai #kagenojitsuryokushaninaritakute #theeminenceinshadow #anime #animeedit #alpha  created by okotcu with okotcuâ€™s Ğ¾Ñ€Ğ¸Ğ³Ñ–Ğ½Ğ°Ğ»ÑŒĞ½Ğ¸Ğ¹ Ğ·Ğ²ÑƒĞº,517.4K,2023-1-3
https://www.tiktok.com/@just_some_stuff21/video/7032096944889679150,#greenscreenvideo #fyp #diesfromcringeğŸ’€ğŸ’€ #noonecares #xyzbca #weird #whyjustwhy #xyzbca created by Just_stuff21 with Just_stuff21â€™s original sound,79.7K,2021-11-18
https://www.tiktok.com/@soccerballs55/video/7405429393608461614,#alpha is the #king of #wolfpackelite #familyfunday #WPE #wolfpack #beta #delta #denmothers  created by Soccerballz55 with Chandler Kinney & Pearce Joza & Baby Ariel & ZOMBIES â€“ Cast & Disneyâ€™s We Own the Night,511.1K,8-20
https://www.tiktok.com/@isaac_xsavier/video/7343055436230282542,WHO YOU WITâ„ï¸ #1906 #ICECOLD #MSALPHAS  created by Isaac Watson with D4Lâ€™s Scotty,1.3M,3-5
https://www.tiktok.com/@soccerballs55/video/7237678673632169262,#beta is tired of it! #stop saying #delta should be #alpha.  #wolf #wolfpack #wolfpackelite #wolfpride #mypack #truealpha  created by Soccerballz55 with Soccerballz55â€™s original sound,758.2K,2023-5-26
https://www.tiktok.com/@barbieeeirl/video/7419185358056787230,IM WIT DA MF APES BIHğŸ¦#txstalphas #txst #alphas #fyp  created by abby with abbyâ€™s original sound,216.7K,9-27
https://www.tiktok.com/@knittinkittenfashion/video/7246082300922940715,"A pack of furries goes running by, what do you do? #werewolves #imthealphaimtheleader #imthealphachallenge #imthealpha #weownthenight #furry #furryfandom #fursuit #fursuiter #fursuitmaker #fursuitmakers #furrycommunity #furrycontent #furrycontentcreator #fursuitersoftiktok #fursuiting #furrytiktok #furrys #furryfandom2023 #furryfandom4life #manokit #manokitfullsuit #fullfursuit #fullfursuiter #partialfursuit #partialfursuiter #catfursuit #catfursuiters #catfursuiter #fursona #fursonas #furry #fursuit  created by Knittin' Kitten Fashion with Chandler Kinney & Pearce Joza & Baby Ariel & ZOMBIES â€“ Cast & Disneyâ€™s We Own the Night",1.3M,2023-6-18
https://www.tiktok.com/@user1530460045653/video/7421180945048374558,Accidental Surrogate for Alpha episode 1 2 3 4 5 Accidental Surrogate for Alpha ep 1 2 3 4 5 Accidental Surrogate for Alpha episode 61 62 63 64 65 66 67 68 69 70 71 72 73 74 75 76 77 78 79 80 Accidental Surrogate for Alpha ep 61 62 63 64 65 66 67 68 69 70 71 72 73 74 75 76 77 78 79 80 Accidental Surrogate for Alpha full ep Accidental Surrogate for Alpha full episodes Accidental Surrogate for Alpha full parts Accidental Surrogate for Alpha ep 1 to 80 Accidental Surrogate for Alpha episode 1 to 80 Accidental Surrogate for Alpha episode 51 52 53 54 55 56 57 58 59 60 Accidental Surrogate for Alpha ep 51 52 53 54 55 56 57 58 59 60 Accidental Surrogate for Alpha episode 40 41 42 43 44 45 46 47 48 49 50 Accidental Surrogate for Alpha ep 40 41 42 43 44 45 46 47 48 49 50 Accidental Surrogate for Alpha episode 30 31 32 33 34 35 36 37 38 39 40 Accidental Surrogate for Alpha ep 30 31 32 33 34 35 36 37 38 39 40 Accidental Surrogate for Alpha EP 20 21 22 23 24 25 26 27 28 29 30 Accidental Surrogate for Alpha episode 20 21 22 23 24 25 26 27 28 29 30 Accidental Surrogate for Alpha EP 10 11 12 13 14 15 16 17 18 19 20 Accidental Surrogate for Alpha episode 10 11 12 13 14 15 16 17 18 19 20 Accidental Surrogate for Alpha EP 1 2 3 4 5 6 7 8 9 10 Accidental Surrogate for Alpha episode 1 2 3 4 5 6 7 8 9 17 #AccidentalSurrogateforAlpha #full #fullep #store #parts #fullepisode #fullepisodes #short #shortfilm #shortmovie #shortdrama #shorttv #movie #movieclips #drama #dramatiktok #dramakorea #dramabox #foryou #foryoupage #reelshort #reelshortapp #reelshortvideo #kalosTV  created by user1530460045653 with user1530460045653â€™s original sound,166.6K,10-2
https://www.tiktok.com/@iviiyon/video/7253240777797651754,Another one for yall ğŸ§Š #alphaphialpha #stroll #d9 #1of1 #AÎ¦A #alpha #1906  created by IVIYON NAVI with Jamie Foxxâ€™s Freak'in Me (feat. Marsha Ambrosius),423K,2023-7-7
