word,date
ate,2024-10-10
ate,2024-10-21
ate,2024-10-26
ate,2024-10-17
ate,2024-9-6
ate,2024-6-7
ate,2024-10-9
ate,2024-7-4
ate,2024-10-26
ate,2023-6-18
ate,2024-9-26
ate,2024-10-10
ate,2024-10-21
ate,2024-10-26
ate,2024-10-17
ate,2024-9-6
ate,2024-6-7
ate,2024-10-9
ate,2024-7-4
ate,2024-10-26
ate,2023-6-18
ate,2024-9-26
ate,2024-10-20
ate,2024-7-3
ate,2024-10-13
ate,2024-10-23
ate,2024-9-3
ate,2024-10-17
ate,2024-10-26
ate,2023-10-25
ate,2024-8-6
ate,2024-10-17
ate,2024-10-30
ate,2024-10-10
ate,2024-10-21
ate,2024-10-26
ate,2024-10-17
ate,2024-9-6
ate,2024-6-7
ate,2024-10-9
ate,2024-7-4
ate,2024-10-26
ate,2023-6-18
ate,2024-9-26
ate,2024-10-20
ate,2024-7-3
ate,2024-10-13
ate,2024-10-23
ate,2024-9-3
ate,2024-10-17
ate,2024-10-26
ate,2023-10-25
ate,2024-8-6
ate,2024-10-17
ate,2024-10-30
ate,2024-7-7
ate,2024-5-10
ate,2022-2-9
ate,2024-10-25
ate,2024-7-27
ate,2024-3-19
ate,2024-7-19
ate,2022-12-17
ate,2024-8-21
ate,2024-6-9
ate,2024-10-9
ate,2023-10-25
bedrotting,2024-7-16
bedrotting,2024-3-14
bedrotting,2024-10-3
bedrotting,2024-4-21
bedrotting,2024-1-12
bedrotting,2024-4-11
bedrotting,2024-10-28
bedrotting,2024-9-28
bedrotting,2024-3-28
bedrotting,2024-10-28
bedrotting,2024-10-27
bedrotting,2024-7-16
bedrotting,2024-3-14
bedrotting,2024-10-3
bedrotting,2024-4-21
bedrotting,2024-1-12
bedrotting,2024-4-11
bedrotting,2024-10-28
bedrotting,2024-9-28
bedrotting,2024-3-28
bedrotting,2024-10-28
bedrotting,2024-10-27
bedrotting,2024-7-22
bedrotting,2024-7-10
bedrotting,2024-5-2
bedrotting,2024-5-5
bedrotting,2024-7-20
bedrotting,2024-3-15
bedrotting,2024-10-15
bedrotting,2024-7-24
bedrotting,2024-8-6
bedrotting,2024-7-16
bedrotting,2024-3-14
bedrotting,2024-10-3
bedrotting,2024-4-21
bedrotting,2024-1-12
bedrotting,2024-4-11
bedrotting,2024-10-28
bedrotting,2024-9-28
bedrotting,2024-3-28
bedrotting,2024-10-28
bedrotting,2024-10-27
bedrotting,2024-7-22
bedrotting,2024-7-10
bedrotting,2024-5-2
bedrotting,2024-5-5
bedrotting,2024-7-20
bedrotting,2024-3-15
bedrotting,2024-10-15
bedrotting,2024-7-24
bedrotting,2024-8-6
bedrotting,2024-4-7
bedrotting,2024-5-6
bedrotting,2024-9-1
bedrotting,2024-10-15
bedrotting,2024-7-12
bedrotting,2024-1-26
bedrotting,2024-8-12
bedrotting,2023-12-29
bedrotting,2024-3-23
bedrotting,2024-1-29
bedrotting,2024-4-10
beige flag,2023-6-27
beige flag,2023-9-6
beige flag,2023-12-4
beige flag,2023-9-1
beige flag,2024-1-29
beige flag,2023-9-21
beige flag,2023-6-2
beige flag,2023-8-12
beige flag,2023-9-28
beige flag,2023-9-18
beige flag,2023-6-27
beige flag,2023-9-6
beige flag,2023-12-4
beige flag,2023-9-1
beige flag,2024-1-29
beige flag,2023-9-21
beige flag,2023-6-2
beige flag,2023-8-12
beige flag,2023-9-28
beige flag,2023-9-18
beige flag,2024-5-15
beige flag,2024-10-30
beige flag,2024-7-27
beige flag,2023-6-27
beige flag,2023-9-6
beige flag,2023-12-4
beige flag,2023-9-1
beige flag,2024-1-29
beige flag,2023-9-21
beige flag,2023-6-2
beige flag,2023-8-12
beige flag,2023-9-28
beige flag,2023-9-18
beige flag,2024-5-15
beige flag,2024-10-30
beige flag,2024-7-27
beige flag,2023-10-21
beige flag,2024-6-16
beige flag,2023-6-16
beige flag,2024-4-5
beige flag,2024-10-30
beige flag,2023-9-11
beige flag,2024-4-10
beige flag,2023-9-3
beige flag,2023-8-9
beige flag,2024-8-23
beige flag,2023-9-9
beige flag,2023-10-11
body tea,2024-8-20
body tea,2024-6-30
body tea,2024-10-22
body tea,2024-3-25
body tea,2023-10-22
body tea,2024-10-26
body tea,2024-7-2
body tea,2024-9-22
body tea,2024-5-15
body tea,2024-8-24
body tea,2024-8-20
body tea,2024-6-30
body tea,2024-10-22
body tea,2024-3-25
body tea,2023-10-22
body tea,2024-10-26
body tea,2024-7-2
body tea,2024-9-22
body tea,2024-5-15
body tea,2024-8-24
body tea,2024-10-29
body tea,2024-3-31
body tea,2024-9-2
body tea,2024-8-10
body tea,2024-8-19
body tea,2024-8-26
body tea,2024-10-14
body tea,2024-8-1
body tea,2024-6-18
body tea,2024-10-11
body tea,2024-9-7
body tea,2024-3-28
body tea,2024-8-20
body tea,2024-6-30
body tea,2024-10-22
body tea,2024-3-25
body tea,2023-10-22
body tea,2024-10-26
body tea,2024-7-2
body tea,2024-9-22
body tea,2024-5-15
body tea,2024-8-24
body tea,2024-10-29
body tea,2024-3-31
body tea,2024-9-2
body tea,2024-8-10
body tea,2024-8-19
body tea,2024-8-26
body tea,2024-10-14
body tea,2024-8-1
body tea,2024-6-18
body tea,2024-10-11
body tea,2024-9-7
body tea,2024-3-28
body tea,2024-7-28
body tea,2023-7-10
body tea,2024-4-20
body tea,2024-5-24
body tea,2024-9-10
body tea,2024-2-24
body tea,2023-12-28
body tea,2024-4-23
body tea,2024-4-20
body tea,2023-10-2
body tea,2024-9-15
body tea,2024-10-26
brat,2024-6-28
brat,2024-7-22
brat,2024-10-26
brat,2024-10-21
brat,2024-8-23
brat,2024-8-12
brat,2024-7-7
brat,2024-10-26
brat,2023-12-31
brat,2024-10-30
brat,2024-10-27
brat,2024-10-27
brat,2024-6-28
brat,2024-7-22
brat,2024-10-26
brat,2024-10-21
brat,2024-8-23
brat,2024-8-12
brat,2024-7-7
brat,2024-10-26
brat,2023-12-31
brat,2024-10-30
brat,2024-10-27
brat,2024-10-27
brat,2024-7-22
brat,2024-10-12
brat,2023-4-21
brat,2024-10-21
brat,2024-7-25
brat,2024-10-17
brat,2024-10-28
brat,2024-10-18
brat,2024-7-16
brat,2024-6-7
brat,2024-7-23
brat,2024-9-11
brat,2024-6-28
brat,2024-7-22
brat,2024-10-26
brat,2024-10-21
brat,2024-8-23
brat,2024-8-12
brat,2024-7-7
brat,2024-10-26
brat,2023-12-31
brat,2024-10-30
brat,2024-10-27
brat,2024-10-27
brat,2024-7-22
brat,2024-10-12
brat,2023-4-21
brat,2024-10-21
brat,2024-7-25
brat,2024-10-17
brat,2024-10-28
brat,2024-10-18
brat,2024-7-16
brat,2024-6-7
brat,2024-7-23
brat,2024-9-11
coded,2024-1-10
coded,2023-11-5
coded,2024-10-21
coded,2023-12-26
coded,2024-10-19
coded,2024-2-8
coded,2024-3-3
coded,2024-9-27
coded,2024-2-15
coded,2023-6-30
coded,2023-9-14
coded,2023-7-6
coded,2024-1-10
coded,2023-11-5
coded,2024-10-21
coded,2023-12-26
coded,2024-10-19
coded,2024-2-8
coded,2024-3-3
coded,2024-9-27
coded,2024-2-15
coded,2023-6-30
coded,2023-9-14
coded,2023-7-6
coded,2024-7-25
coded,2024-10-20
coded,1w ago
coded,2024-7-16
coded,2024-7-25
coded,2024-10-30
coded,2024-10-19
coded,2023-7-1
coded,2023-10-4
coded,2024-10-26
coded,2024-4-23
coded,2024-5-28
coded,2024-1-10
coded,2023-11-5
coded,2024-10-21
coded,2023-12-26
coded,2024-10-19
coded,2024-2-8
coded,2024-3-3
coded,2024-9-27
coded,2024-2-15
coded,2023-6-30
coded,2023-9-14
coded,2023-7-6
coded,2024-7-25
coded,2024-10-20
coded,1w ago
coded,2024-7-16
coded,2024-7-25
coded,2024-10-30
coded,2024-10-19
coded,2023-7-1
coded,2023-10-4
coded,2024-10-26
coded,2024-4-23
coded,2024-5-28
coded,2024-9-28
coded,2024-8-27
coded,2022-12-23
coded,2024-10-26
coded,2023-4-18
coded,2024-10-21
coded,2024-8-20
coded,2024-9-29
coded,2024-9-28
coded,2023-9-5
coded,2024-3-14
coded,2024-10-25
era,2024-9-5
era,2024-10-19
era,2024-4-20
era,2024-9-15
era,2023-1-7
era,2024-3-14
era,2023-12-22
era,2024-7-18
era,2024-7-6
era,2022-12-20
era,2023-12-5
era,2024-7-20
era,2024-9-5
era,2024-10-19
era,2024-4-20
era,2024-9-15
era,2023-1-7
era,2024-3-14
era,2023-12-22
era,2024-7-18
era,2024-7-6
era,2022-12-20
era,2023-12-5
era,2024-7-20
era,2023-6-6
era,2024-7-3
era,2023-8-7
era,2023-11-30
era,2024-6-19
era,2023-8-5
era,2023-4-17
era,2022-10-6
era,2023-3-18
era,2024-8-12
era,2024-10-18
era,2024-10-28
era,2024-9-5
era,2024-10-19
era,2024-4-20
era,2024-9-15
era,2023-1-7
era,2024-3-14
era,2023-12-22
era,2024-7-18
era,2024-7-6
era,2022-12-20
era,2023-12-5
era,2024-7-20
era,2023-6-6
era,2024-7-3
era,2023-8-7
era,2023-11-30
era,2024-6-19
era,2023-8-5
era,2023-4-17
era,2022-10-6
era,2023-3-18
era,2024-8-12
era,2024-10-18
era,2024-10-28
era,2024-10-31
era,2023-3-18
era,2024-6-21
era,2024-1-6
era,2022-11-6
era,2023-8-9
era,2023-4-15
era,2022-11-28
era,2023-6-16
era,2024-2-13
era,2023-5-21
era,2024-5-29
face card,2024-9-13
face card,2024-9-26
face card,2024-2-21
face card,2024-9-18
face card,2024-7-15
face card,2024-9-25
face card,2024-4-23
face card,2024-10-9
face card,2024-10-8
face card,2024-10-12
face card,2024-10-11
face card,2024-7-13
face card,2024-9-13
face card,2024-9-26
face card,2024-2-21
face card,2024-9-18
face card,2024-7-15
face card,2024-9-25
face card,2024-4-23
face card,2024-10-9
face card,2024-10-8
face card,2024-10-12
face card,2024-10-11
face card,2024-7-13
face card,2024-9-20
face card,2024-6-23
face card,2024-10-13
face card,2024-4-15
face card,2024-3-11
face card,2024-3-1
face card,2024-6-5
face card,2024-9-20
face card,2024-9-3
face card,2024-5-14
face card,2024-10-30
face card,2024-9-5
face card,2024-9-13
face card,2024-9-26
face card,2024-2-21
face card,2024-9-18
face card,2024-7-15
face card,2024-9-25
face card,2024-4-23
face card,2024-10-9
face card,2024-10-8
face card,2024-10-12
face card,2024-10-11
face card,2024-7-13
face card,2024-9-20
face card,2024-6-23
face card,2024-10-13
face card,2024-4-15
face card,2024-3-11
face card,2024-3-1
face card,2024-6-5
face card,2024-9-20
face card,2024-9-3
face card,2024-5-14
face card,2024-10-30
face card,2024-9-5
face card,2024-7-18
face card,2024-9-28
face card,2024-9-20
face card,2024-10-2
face card,2024-9-28
face card,2024-9-20
face card,2024-10-23
face card,2024-9-16
face card,2024-6-29
face card,2024-9-20
flop,2023-8-27
flop,2023-8-11
flop,2022-9-13
flop,2024-10-31
flop,2024-1-18
flop,2024-10-31
flop,2024-3-4
flop,2024-7-23
flop,2019-9-11
flop,2023-7-15
flop,2024-10-3
flop,2023-9-20
flop,2023-8-27
flop,2023-8-11
flop,2022-9-13
flop,2024-10-31
flop,2024-1-18
flop,2024-10-31
flop,2024-3-4
flop,2024-7-23
flop,2019-9-11
flop,2023-7-15
flop,2024-10-3
flop,2023-9-20
flop,2024-9-1
flop,2024-8-2
flop,2024-3-11
flop,2024-7-4
flop,2022-10-11
flop,2024-8-10
flop,2023-10-3
flop,2024-8-10
flop,2023-9-24
flop,2024-2-21
flop,2024-3-19
flop,2024-10-6
flop,2023-8-27
flop,2023-8-11
flop,2022-9-13
flop,2024-10-31
flop,2024-1-18
flop,2024-10-31
flop,2024-3-4
flop,2024-7-23
flop,2019-9-11
flop,2023-7-15
flop,2024-10-3
flop,2023-9-20
flop,2024-9-1
flop,2024-8-2
flop,2024-3-11
flop,2024-7-4
flop,2022-10-11
flop,2024-8-10
flop,2023-10-3
flop,2024-8-10
flop,2023-9-24
flop,2024-2-21
flop,2024-3-19
flop,2024-10-6
flop,2024-7-18
flop,2023-8-6
flop,2024-10-28
flop,2024-3-23
flop,2023-8-25
flop,2023-5-23
flop,2023-6-13
flop,2022-9-3
flop,2024-3-13
flop,2024-9-1
flop,2024-3-5
flop,2024-10-25
girl dinner,2023-7-17
girl dinner,2023-8-19
girl dinner,2023-7-7
girl dinner,2023-7-11
girl dinner,2023-9-18
girl dinner,2024-8-1
girl dinner,2023-8-17
girl dinner,2023-12-28
girl dinner,2023-9-17
girl dinner,2023-7-27
girl dinner,2023-8-20
girl dinner,2023-10-22
girl dinner,2023-7-17
girl dinner,2023-8-19
girl dinner,2023-7-7
girl dinner,2023-7-11
girl dinner,2023-9-18
girl dinner,2024-8-1
girl dinner,2023-8-17
girl dinner,2023-12-28
girl dinner,2023-9-17
girl dinner,2023-7-27
girl dinner,2023-8-20
girl dinner,2023-10-22
girl dinner,2023-7-27
girl dinner,2023-12-12
girl dinner,2024-10-18
girl dinner,2023-10-18
girl dinner,2023-8-31
girl dinner,2023-7-18
girl dinner,2023-7-8
girl dinner,2024-6-2
girl dinner,2024-4-1
girl dinner,2023-7-8
girl dinner,2023-7-24
girl dinner,2023-9-9
girl dinner,2023-7-17
girl dinner,2023-8-19
girl dinner,2023-7-7
girl dinner,2023-7-11
girl dinner,2023-9-18
girl dinner,2024-8-1
girl dinner,2023-8-17
girl dinner,2023-12-28
girl dinner,2023-9-17
girl dinner,2023-7-27
girl dinner,2023-8-20
girl dinner,2023-10-22
girl dinner,2023-7-27
girl dinner,2023-12-12
girl dinner,2024-10-18
girl dinner,2023-10-18
girl dinner,2023-8-31
girl dinner,2023-7-18
girl dinner,2023-7-8
girl dinner,2024-6-2
girl dinner,2024-4-1
girl dinner,2023-7-8
girl dinner,2023-7-24
girl dinner,2023-9-9
girl dinner,2023-8-9
girl dinner,2024-6-16
girl dinner,2023-7-19
girl dinner,2023-7-29
girl dinner,2024-4-8
girl dinner,2023-8-28
girl dinner,2023-7-3
girl dinner,2023-7-30
girl dinner,2023-7-12
girl dinner,1w ago
girl dinner,2023-8-1
giving,2023-3-10
giving,2024-7-29
giving,2020-4-7
giving,2024-10-21
giving,2021-7-17
giving,2022-6-3
giving,2024-5-20
giving,2022-7-29
giving,2021-3-21
giving,2023-5-3
giving,2024-7-24
giving,2024-8-3
giving,2023-3-10
giving,2024-7-29
giving,2020-4-7
giving,2024-10-21
giving,2021-7-17
giving,2022-6-3
giving,2024-5-20
giving,2022-7-29
giving,2021-3-21
giving,2023-5-3
giving,2024-7-24
giving,2024-8-3
giving,2022-12-23
giving,2021-3-28
giving,2021-8-7
giving,2023-9-14
giving,2024-1-12
giving,2024-7-18
giving,2024-2-21
giving,2023-11-12
giving,2022-12-22
giving,2022-6-14
giving,2024-6-9
giving,2020-10-4
giving,2023-3-10
giving,2024-7-29
giving,2020-4-7
giving,2024-10-21
giving,2021-7-17
giving,2022-6-3
giving,2024-5-20
giving,2022-7-29
giving,2021-3-21
giving,2023-5-3
giving,2024-7-24
giving,2024-8-3
giving,2022-12-23
giving,2021-3-28
giving,2021-8-7
giving,2023-9-14
giving,2024-1-12
giving,2024-7-18
giving,2024-2-21
giving,2023-11-12
giving,2022-12-22
giving,2022-6-14
giving,2024-6-9
giving,2020-10-4
giving,2021-4-6
giving,2022-12-15
giving,2022-4-6
giving,2024-10-31
giving,2024-3-23
giving,2023-4-17
giving,2022-5-9
giving,2023-5-25
giving,2021-8-10
giving,2023-7-11
onika burgers,2024-4-1
onika burgers,2024-4-17
onika burgers,2024-4-10
onika burgers,2024-5-11
onika burgers,2024-8-10
onika burgers,2024-4-2
onika burgers,2024-4-12
onika burgers,2024-4-11
onika burgers,2024-8-30
onika burgers,2024-8-30
onika burgers,2024-4-4
onika burgers,2024-4-1
onika burgers,2024-4-17
onika burgers,2024-4-10
onika burgers,2024-5-11
onika burgers,2024-8-10
onika burgers,2024-4-2
onika burgers,2024-4-12
onika burgers,2024-4-11
onika burgers,2024-8-30
onika burgers,2024-8-30
onika burgers,2024-4-4
onika burgers,2024-8-31
onika burgers,2024-8-12
onika burgers,2024-4-8
onika burgers,2024-4-5
onika burgers,2024-6-12
onika burgers,2024-10-18
onika burgers,2024-4-5
onika burgers,2024-9-2
onika burgers,2024-9-7
onika burgers,2024-10-2
onika burgers,2024-10-28
onika burgers,2024-10-26
onika burgers,2024-4-1
onika burgers,2024-4-17
onika burgers,2024-4-10
onika burgers,2024-5-11
onika burgers,2024-8-10
onika burgers,2024-4-2
onika burgers,2024-4-12
onika burgers,2024-4-11
onika burgers,2024-8-30
onika burgers,2024-8-30
onika burgers,2024-4-4
onika burgers,2024-8-31
onika burgers,2024-8-12
onika burgers,2024-4-8
onika burgers,2024-4-5
onika burgers,2024-6-12
onika burgers,2024-10-18
onika burgers,2024-4-5
onika burgers,2024-9-2
onika burgers,2024-9-7
onika burgers,2024-10-2
onika burgers,2024-10-28
onika burgers,2024-10-26
onika burgers,2023-2-21
onika burgers,2024-10-20
onika burgers,2023-3-1
onika burgers,2024-4-6
onika burgers,2024-4-11
onika burgers,2024-9-3
onika burgers,2024-10-31
onika burgers,2024-4-6
pookie,2024-7-2
pookie,2024-3-6
pookie,2024-10-15
pookie,2024-7-31
pookie,2024-10-27
pookie,2024-5-31
pookie,2023-12-20
pookie,2024-7-11
pookie,2024-9-16
pookie,2024-10-31
pookie,2024-6-25
pookie,2024-2-1
pookie,2024-7-2
pookie,2024-3-6
pookie,2024-10-15
pookie,2024-7-31
pookie,2024-10-27
pookie,2024-5-31
pookie,2023-12-20
pookie,2024-7-11
pookie,2024-9-16
pookie,2024-10-31
pookie,2024-6-25
pookie,2024-2-1
pookie,2024-9-5
pookie,2024-10-31
pookie,2024-8-7
pookie,2024-10-30
pookie,2024-7-8
pookie,2024-10-12
pookie,2024-7-23
pookie,2024-10-31
pookie,2023-10-13
pookie,2024-5-19
pookie,2024-5-10
pookie,2024-10-30
pookie,2024-7-2
pookie,2024-3-6
pookie,2024-10-15
pookie,2024-7-31
pookie,2024-10-27
pookie,2024-5-31
pookie,2023-12-20
pookie,2024-7-11
pookie,2024-9-16
pookie,2024-10-31
pookie,2024-6-25
pookie,2024-2-1
pookie,2024-9-5
pookie,2024-10-31
pookie,2024-8-7
pookie,2024-10-30
pookie,2024-7-8
pookie,2024-10-12
pookie,2024-7-23
pookie,2024-10-31
pookie,2023-10-13
pookie,2024-5-19
pookie,2024-5-10
pookie,2024-10-30
pookie,2024-10-9
pookie,2024-7-25
pookie,2024-8-21
pookie,2023-10-6
pookie,2024-7-6
pookie,2024-10-27
pookie,2024-5-12
pookie,2024-3-22
pookie,2024-3-4
pookie,2024-8-7
queen,2024-10-30
queen,2024-9-3
queen,2024-8-23
queen,2024-8-8
queen,2024-5-28
queen,2024-10-31
queen,2024-10-21
queen,2024-10-10
queen,2024-10-21
queen,2024-10-6
queen,2024-10-9
queen,2024-9-18
queen,2024-10-30
queen,2024-9-3
queen,2024-8-23
queen,2024-8-8
queen,2024-5-28
queen,2024-10-31
queen,2024-10-21
queen,2024-10-10
queen,2024-10-21
queen,2024-10-6
queen,2024-10-9
queen,2024-9-18
queen,2024-10-5
queen,2024-7-2
queen,2024-9-16
queen,2024-8-16
queen,2024-10-25
queen,2024-8-28
queen,2024-6-30
queen,2024-7-5
queen,2024-10-29
queen,2024-7-19
queen,2024-9-11
queen,2024-8-25
queen,2024-10-30
queen,2024-9-3
queen,2024-8-23
queen,2024-8-8
queen,2024-5-28
queen,2024-10-31
queen,2024-10-21
queen,2024-10-10
queen,2024-10-21
queen,2024-10-6
queen,2024-10-9
queen,2024-9-18
queen,2024-10-5
queen,2024-7-2
queen,2024-9-16
queen,2024-8-16
queen,2024-10-25
queen,2024-8-28
queen,2024-6-30
queen,2024-7-5
queen,2024-10-29
queen,2024-7-19
queen,2024-9-11
queen,2024-8-25
queen,2024-6-26
queen,2024-6-8
queen,2024-6-29
queen,2024-7-20
queen,2024-9-22
queen,2024-7-24
queen,2024-7-19
queen,2024-6-14
queen,2024-6-11
queen,2024-10-31
queen,56m ago
queen,2024-10-31
situationship,2023-11-29
situationship,2024-1-15
situationship,2024-4-23
situationship,2024-1-18
situationship,2024-9-3
situationship,2024-4-6
situationship,2024-4-18
situationship,2024-2-15
situationship,2024-5-15
situationship,2024-9-1
situationship,2024-4-29
situationship,2024-8-26
situationship,2023-11-29
situationship,2024-1-15
situationship,2024-4-23
situationship,2024-1-18
situationship,2024-9-3
situationship,2024-4-6
situationship,2024-4-18
situationship,2024-2-15
situationship,2024-5-15
situationship,2024-9-1
situationship,2024-4-29
situationship,2024-8-26
situationship,2024-5-14
situationship,2024-6-21
situationship,2024-6-3
situationship,2024-8-8
situationship,2023-11-25
situationship,2023-8-4
situationship,2023-1-27
situationship,2023-10-11
situationship,2023-10-18
situationship,2024-4-29
situationship,2024-7-12
situationship,2024-9-24
situationship,2023-11-29
situationship,2024-1-15
situationship,2024-4-23
situationship,2024-1-18
situationship,2024-9-3
situationship,2024-4-6
situationship,2024-4-18
situationship,2024-2-15
situationship,2024-5-15
situationship,2024-9-1
situationship,2024-4-29
situationship,2024-8-26
situationship,2024-5-14
situationship,2024-6-21
situationship,2024-6-3
situationship,2024-8-8
situationship,2023-11-25
situationship,2023-8-4
situationship,2023-1-27
situationship,2023-10-11
situationship,2023-10-18
situationship,2024-4-29
situationship,2024-7-12
situationship,2024-9-24
situationship,2024-6-15
situationship,2024-8-6
situationship,2024-1-8
situationship,2024-10-21
situationship,2024-9-27
situationship,2024-10-17
situationship,2024-7-18
situationship,2024-7-18
situationship,2024-2-15
situationship,2024-3-11
situationship,2024-1-30
situationship,2024-5-28
slay,2023-9-20
slay,2024-4-26
slay,2024-3-16
slay,2024-10-30
slay,2024-6-6
slay,2023-1-29
slay,2024-5-19
slay,2024-4-18
slay,2023-4-13
slay,2024-10-21
slay,2024-10-11
slay,2024-4-13
slay,2023-9-20
slay,2024-4-26
slay,2024-3-16
slay,2024-10-30
slay,2024-6-6
slay,2023-1-29
slay,2024-5-19
slay,2024-4-18
slay,2023-4-13
slay,2024-10-21
slay,2024-10-11
slay,2024-4-13
slay,2024-4-23
slay,2024-6-10
slay,2022-9-21
slay,2024-10-30
slay,2024-9-14
slay,2024-5-22
slay,2022-8-9
slay,2024-2-23
slay,2024-4-19
slay,2024-5-5
slay,2024-1-3
slay,2024-2-7
slay,2023-9-20
slay,2024-4-26
slay,2024-3-16
slay,2024-10-30
slay,2024-6-6
slay,2023-1-29
slay,2024-5-19
slay,2024-4-18
slay,2023-4-13
slay,2024-10-21
slay,2024-10-11
slay,2024-4-13
slay,2024-4-23
slay,2024-6-10
slay,2022-9-21
slay,2024-10-30
slay,2024-9-14
slay,2024-5-22
slay,2022-8-9
slay,2024-2-23
slay,2024-4-19
slay,2024-5-5
slay,2024-1-3
slay,2024-2-7
yap,2024-10-25
yap,2024-8-12
yap,2024-2-21
yap,2024-10-4
yap,2024-7-28
yap,2024-10-26
yap,2023-11-8
yap,2024-10-30
yap,2024-10-23
yap,2024-10-11
yap,2024-10-14
yap,2024-9-10
yap,2024-10-25
yap,2024-8-12
yap,2024-2-21
yap,2024-10-4
yap,2024-7-28
yap,2024-10-26
yap,2023-11-8
yap,2024-10-30
yap,2024-10-23
yap,2024-10-11
yap,2024-10-14
yap,2024-9-10
yap,2023-12-2
yap,2024-6-1
yap,2024-10-31
yap,2024-4-9
yap,2024-10-25
yap,2024-10-22
yap,2024-4-25
yap,2024-2-2
yap,2024-9-19
yap,2024-5-8
yap,2024-9-11
yap,2023-10-29
yap,2024-10-25
yap,2024-8-12
yap,2024-2-21
yap,2024-10-4
yap,2024-7-28
yap,2024-10-26
yap,2023-11-8
yap,2024-10-30
yap,2024-10-23
yap,2024-10-11
yap,2024-10-14
yap,2024-9-10
yap,2023-12-2
yap,2024-6-1
yap,2024-10-31
yap,2024-4-9
yap,2024-10-25
yap,2024-10-22
yap,2024-4-25
yap,2024-2-2
yap,2024-9-19
yap,2024-5-8
yap,2024-9-11
yap,2023-10-29
yap,2024-10-29
yap,2024-10-12
yap,2024-10-20
yap,2024-8-1
yap,2024-10-23
yap,2024-2-6
yap,2024-5-9
yap,2024-6-6
yap,2024-9-22
yap,2024-7-1
yap,2024-9-18
yap,2024-3-24
chronically online,2023-7-6
chronically online,2023-12-26
chronically online,2023-5-11
chronically online,2024-2-18
chronically online,2023-5-10
chronically online,2023-10-10
chronically online,2024-7-19
chronically online,2024-10-31
chronically online,2023-9-25
chronically online,2024-10-25
chronically online,2024-10-4
chronically online,2023-7-6
chronically online,2023-12-26
chronically online,2023-5-11
chronically online,2024-2-18
chronically online,2023-5-10
chronically online,2023-10-10
chronically online,2024-7-19
chronically online,2024-10-31
chronically online,2023-9-25
chronically online,2024-10-25
chronically online,2024-10-4
chronically online,2023-5-25
chronically online,2024-10-29
chronically online,2024-10-18
chronically online,2024-6-3
chronically online,2024-10-10
chronically online,2024-10-7
chronically online,2024-4-10
chronically online,2023-9-1
chronically online,2024-6-7
chronically online,2024-7-8
chronically online,2024-6-14
chronically online,2023-7-6
chronically online,2023-12-26
chronically online,2023-5-11
chronically online,2024-2-18
chronically online,2023-5-10
chronically online,2023-10-10
chronically online,2024-7-19
chronically online,2024-10-31
chronically online,2023-9-25
chronically online,2024-10-25
chronically online,2024-10-4
chronically online,2023-5-25
chronically online,2024-10-29
chronically online,2024-10-18
chronically online,2024-6-3
chronically online,2024-10-10
chronically online,2024-10-7
chronically online,2024-4-10
chronically online,2023-9-1
chronically online,2024-6-7
chronically online,2024-7-8
chronically online,2024-6-14
chronically online,2024-10-29
chronically online,2024-9-3
chronically online,2024-10-17
chronically online,2024-9-28
chronically online,2023-9-18
chronically online,2024-4-25
chronically online,2024-9-26
chronically online,2024-4-29
chronically online,2024-3-16
chronically online,2024-10-30
chronically online,2024-8-17
chronically online,2024-10-31
delulu,2024-8-31
delulu,2023-9-10
delulu,2024-9-30
delulu,2024-10-28
delulu,2024-6-16
delulu,2024-10-30
delulu,2024-9-15
delulu,2024-9-24
delulu,2024-10-31
delulu,2024-6-14
delulu,2024-10-30
delulu,2024-10-18
delulu,2024-8-31
delulu,2023-9-10
delulu,2024-9-30
delulu,2024-10-28
delulu,2024-6-16
delulu,2024-10-30
delulu,2024-9-15
delulu,2024-9-24
delulu,2024-10-31
delulu,2024-6-14
delulu,2024-10-30
delulu,2024-10-18
delulu,2024-10-30
delulu,2024-10-31
delulu,2024-10-16
delulu,2024-10-26
delulu,2024-10-15
delulu,2024-10-31
delulu,2024-2-2
delulu,2024-3-22
delulu,2024-10-5
delulu,2024-10-31
delulu,2024-10-31
delulu,2023-11-21
delulu,2024-8-31
delulu,2023-9-10
delulu,2024-9-30
delulu,2024-10-28
delulu,2024-6-16
delulu,2024-10-30
delulu,2024-9-15
delulu,2024-9-24
delulu,2024-10-31
delulu,2024-6-14
delulu,2024-10-30
delulu,2024-10-18
delulu,2024-10-30
delulu,2024-10-31
delulu,2024-10-16
delulu,2024-10-26
delulu,2024-10-15
delulu,2024-10-31
delulu,2024-2-2
delulu,2024-3-22
delulu,2024-10-5
delulu,2024-10-31
delulu,2024-10-31
delulu,2023-11-21
delulu,2024-8-25
delulu,2024-9-20
delulu,2023-12-23
delulu,2024-9-23
delulu,2024-10-30
delulu,2024-9-20
delulu,2024-4-5
delulu,2024-10-31
delulu,2024-10-9
delulu,2024-10-31
delulu,2023-6-15
delulu,2024-9-29
diva,2024-10-22
diva,2024-10-31
diva,2024-10-29
diva,2024-10-30
diva,1w ago
diva,2024-10-30
diva,2024-10-11
diva,2024-10-28
diva,2024-10-30
diva,2024-10-26
diva,2024-10-26
diva,2024-10-29
diva,2024-10-22
diva,2024-10-31
diva,2024-10-29
diva,2024-10-30
diva,1w ago
diva,2024-10-30
diva,2024-10-11
diva,2024-10-28
diva,2024-10-30
diva,2024-10-26
diva,2024-10-26
diva,2024-10-29
diva,2024-10-26
diva,2024-10-29
diva,2024-10-26
diva,2024-10-26
diva,2024-10-27
diva,2024-10-30
diva,2024-10-26
diva,2024-10-21
diva,2024-10-20
diva,2024-10-23
diva,2024-10-26
diva,2024-10-22
diva,2024-10-22
diva,2024-10-31
diva,2024-10-29
diva,2024-10-30
diva,1w ago
diva,2024-10-30
diva,2024-10-11
diva,2024-10-28
diva,2024-10-30
diva,2024-10-26
diva,2024-10-26
diva,2024-10-29
diva,2024-10-26
diva,2024-10-29
diva,2024-10-26
diva,2024-10-26
diva,2024-10-27
diva,2024-10-30
diva,2024-10-26
diva,2024-10-21
diva,2024-10-20
diva,2024-10-23
diva,2024-10-26
diva,2024-10-22
diva,2024-10-23
diva,2024-10-16
diva,2024-10-22
diva,2024-10-28
diva,2024-10-19
diva,2024-10-29
diva,2024-10-25
diva,2024-10-31
diva,2024-10-15
diva,2024-10-22
diva,2024-10-25
diva,2024-5-24
eating,2024-10-21
eating,2024-10-28
eating,2024-6-26
eating,2024-10-27
eating,2024-10-30
eating,2024-10-30
eating,2024-8-18
eating,2024-10-26
eating,2024-4-22
eating,2024-6-7
eating,2024-1-16
eating,2024-9-8
eating,2024-10-21
eating,2024-10-28
eating,2024-6-26
eating,2024-10-27
eating,2024-10-30
eating,2024-10-30
eating,2024-8-18
eating,2024-10-26
eating,2024-4-22
eating,2024-6-7
eating,2024-1-16
eating,2024-9-8
eating,2023-12-8
eating,2024-10-7
eating,2024-10-23
eating,2023-12-5
eating,2024-10-17
eating,2024-2-2
eating,2024-9-15
eating,2024-10-31
eating,2024-8-3
eating,2024-8-11
eating,2024-10-1
eating,2024-8-30
eating,2024-10-21
eating,2024-10-28
eating,2024-6-26
eating,2024-10-27
eating,2024-10-30
eating,2024-10-30
eating,2024-8-18
eating,2024-10-26
eating,2024-4-22
eating,2024-6-7
eating,2024-1-16
eating,2024-9-8
eating,2023-12-8
eating,2024-10-7
eating,2024-10-23
eating,2023-12-5
eating,2024-10-17
eating,2024-2-2
eating,2024-9-15
eating,2024-10-31
eating,2024-8-3
eating,2024-8-11
eating,2024-10-1
eating,2024-8-30
eating,2024-1-12
eating,2024-8-31
eating,2024-7-3
eating,2024-7-23
eating,2024-6-1
eating,2023-4-25
eating,2024-10-22
eating,2023-10-6
eating,2024-10-31
eating,2024-6-1
eating,2024-3-16
eating,2024-10-31
queening,2023-5-13
queening,2024-2-7
queening,2024-2-6
queening,2024-10-30
queening,2021-8-13
queening,2024-10-13
queening,2024-10-22
queening,2024-9-3
queening,2024-3-2
queening,2024-10-20
queening,2024-1-9
queening,2023-5-13
queening,2024-2-7
queening,2024-2-6
queening,2024-10-30
queening,2021-8-13
queening,2024-10-13
queening,2024-10-22
queening,2024-9-3
queening,2024-3-2
queening,2024-10-20
queening,2024-1-9
queening,2024-9-16
queening,2024-6-16
queening,2022-9-17
queening,2024-2-2
queening,2024-10-28
queening,2024-5-26
queening,2024-10-16
queening,2024-10-3
queening,2024-10-10
queening,2024-10-6
queening,2023-5-13
queening,2024-2-7
queening,2024-2-6
queening,2024-10-30
queening,2021-8-13
queening,2024-10-13
queening,2024-10-22
queening,2024-9-3
queening,2024-3-2
queening,2024-10-20
queening,2024-1-9
queening,2024-9-16
queening,2024-6-16
queening,2022-9-17
queening,2024-2-2
queening,2024-10-28
queening,2024-5-26
queening,2024-10-16
queening,2024-10-3
queening,2024-10-10
queening,2024-10-6
queening,2022-2-12
queening,2023-9-16
queening,2024-7-24
queening,2023-4-24
queening,2023-10-30
queening,2024-10-14
queening,2019-4-23
roman empire,2023-9-15
roman empire,2023-9-17
roman empire,2023-9-20
roman empire,2023-12-22
roman empire,2023-9-14
roman empire,2024-1-14
roman empire,2024-8-18
roman empire,2024-2-10
roman empire,2022-9-27
roman empire,2024-5-16
roman empire,2022-5-23
roman empire,2023-6-24
roman empire,2023-9-15
roman empire,2023-9-17
roman empire,2023-9-20
roman empire,2023-12-22
roman empire,2023-9-14
roman empire,2024-1-14
roman empire,2024-8-18
roman empire,2024-2-10
roman empire,2022-9-27
roman empire,2024-5-16
roman empire,2022-5-23
roman empire,2023-6-24
roman empire,2023-9-15
roman empire,2023-9-17
roman empire,2023-9-20
roman empire,2023-12-22
roman empire,2023-9-14
roman empire,2024-1-14
roman empire,2024-8-18
roman empire,2024-2-10
roman empire,2022-9-27
roman empire,2024-5-16
roman empire,2022-5-23
roman empire,2023-6-24
roman empire,2024-9-22
roman empire,2023-9-24
roman empire,2024-10-15
roman empire,2024-4-6
roman empire,2023-9-14
roman empire,2023-9-10
roman empire,2023-9-13
roman empire,2023-11-10
roman empire,2024-3-20
roman empire,2023-10-25
roman empire,2024-8-5
serving,2024-7-3
serving,2023-7-25
serving,2023-9-21
serving,2024-8-2
serving,2024-4-18
serving,2024-6-25
serving,2023-12-7
serving,2024-10-6
serving,2024-5-22
serving,2023-9-2
serving,2024-8-12
serving,2024-7-3
serving,2023-7-25
serving,2023-9-21
serving,2024-8-2
serving,2024-4-18
serving,2024-6-25
serving,2023-12-7
serving,2024-10-6
serving,2024-5-22
serving,2023-9-2
serving,2024-8-12
serving,2024-8-26
serving,2024-10-6
serving,2022-12-1
serving,2024-8-20
serving,2024-10-28
serving,2024-3-27
serving,2024-7-6
serving,2024-2-5
serving,2024-8-29
serving,2024-7-30
serving,2022-7-16
serving,2024-7-3
serving,2023-7-25
serving,2023-9-21
serving,2024-8-2
serving,2024-4-18
serving,2024-6-25
serving,2023-12-7
serving,2024-10-6
serving,2024-5-22
serving,2023-9-2
serving,2024-8-12
serving,2024-8-26
serving,2024-10-6
serving,2022-12-1
serving,2024-8-20
serving,2024-10-28
serving,2024-3-27
serving,2024-7-6
serving,2024-2-5
serving,2024-8-29
serving,2024-7-30
serving,2022-7-16
serving,2024-5-19
serving,2023-3-6
serving,2024-6-19
serving,2023-7-17
serving,2024-8-18
serving,2024-6-12
serving,2023-10-2
serving,2024-10-30
serving,2024-7-29
serving,2024-5-26
serving,2024-4-12
serving,2024-6-8
snatched,2023-8-19
snatched,2024-4-15
snatched,2024-4-30
snatched,2024-8-19
snatched,2024-6-20
snatched,2023-8-24
snatched,2024-5-22
snatched,2023-8-12
snatched,2024-1-4
snatched,2024-7-27
snatched,2023-9-3
snatched,2024-1-5
snatched,2023-8-19
snatched,2024-4-15
snatched,2024-4-30
snatched,2024-8-19
snatched,2024-6-20
snatched,2023-8-24
snatched,2024-5-22
snatched,2023-8-12
snatched,2024-1-4
snatched,2024-7-27
snatched,2023-9-3
snatched,2024-1-5
snatched,2022-11-26
snatched,2024-1-24
snatched,2024-9-9
snatched,2023-12-10
snatched,2023-4-10
snatched,2024-5-11
snatched,2022-5-10
snatched,2024-5-24
snatched,2024-4-18
snatched,2023-11-14
snatched,2022-5-5
snatched,2024-10-18
snatched,2023-8-19
snatched,2024-4-15
snatched,2024-4-30
snatched,2024-8-19
snatched,2024-6-20
snatched,2023-8-24
snatched,2024-5-22
snatched,2023-8-12
snatched,2024-1-4
snatched,2024-7-27
snatched,2023-9-3
snatched,2024-1-5
snatched,2022-11-26
snatched,2024-1-24
snatched,2024-9-9
snatched,2023-12-10
snatched,2023-4-10
snatched,2024-5-11
snatched,2022-5-10
snatched,2024-5-24
snatched,2024-4-18
snatched,2023-11-14
snatched,2022-5-5
snatched,2024-10-18
snatched,2023-1-22
snatched,2024-2-27
snatched,2024-5-19
snatched,2024-6-24
snatched,2024-3-6
snatched,2022-10-27
snatched,2024-1-5
snatched,2024-1-13
snatched,2024-7-27
snatched,2024-4-17
snatched,2024-5-1
snatched,2023-1-14
